wavelength,0
350,0.987516612639255
351,0.9875939349058204
352,0.9876703450445892
353,0.9877458430555615
354,0.9878204289387372
355,0.9878941026941166
356,0.9879668643216994
357,0.9880387138214858
358,0.9881096511934756
359,0.988179676437669
360,0.9882487895540659
361,0.9883169905426663
362,0.9883842794034702
363,0.9884506561364775
364,0.9885161207416885
365,0.9885806732191029
366,0.9886443135687208
367,0.9887070417905424
368,0.9887688578845673
369,0.9888297618507957
370,0.9888897536892277
371,0.9889488333998633
372,0.9890070009827022
373,0.9890642564377448
374,0.9891205997649908
375,0.9891760309644403
376,0.9892305500360934
377,0.9892841569799499
378,0.9893368517960099
379,0.9893886344842736
380,0.9894395050447407
381,0.9894894634774113
382,0.9895385097822853
383,0.989586643959363
384,0.9896338660086441
385,0.9896801759301287
386,0.9897255737238169
387,0.9897700593897085
388,0.9898136329278037
389,0.9898562943381024
390,0.9898980436206046
391,0.9899388807753102
392,0.9899788058022195
393,0.9900178187013322
394,0.9900559194726485
395,0.9900931081161681
396,0.9901293846318915
397,0.9901647490198182
398,0.9901992012799484
399,0.9902327414122822
400,0.9902653694168195
401,0.9902970852935603
402,0.9903278890425047
403,0.9903577806636524
404,0.9903867601570038
405,0.9904148275225586
406,0.990441982760317
407,0.9904682258702788
408,0.9904935568524442
409,0.9905179757068131
410,0.9905414824329929
411,0.9905552379940178
412,0.9904763794674647
413,0.9904008007211951
414,0.9903566435226981
415,0.9903053363815885
416,0.990263246403068
417,0.9902398664819037
418,0.99024390453604
419,0.9902572408157729
420,0.9902552825004329
421,0.9902252848990091
422,0.9901813779163966
423,0.9901690065631014
424,0.990150964242802
425,0.990128931546184
426,0.9901040095675718
427,0.9901121953028081
428,0.9901154325710564
429,0.9901146379364028
430,0.9901214652906203
431,0.990133661561744
432,0.99013261177792
433,0.9901470853738358
434,0.990183313245466
435,0.9902409815323755
436,0.9902878806928099
437,0.9903622838702083
438,0.9904766549733967
439,0.9905370648241258
440,0.9905666525168836
441,0.990598766037301
442,0.9906255730448643
443,0.9906668016078841
444,0.9906944844604171
445,0.9907130027495799
446,0.990743085836377
447,0.990766144559232
448,0.9907870881199075
449,0.9907970689027544
450,0.990806423200804
451,0.9908326866833767
452,0.9908414128266461
453,0.9908606282027166
454,0.9908744412548206
455,0.9908901557529861
456,0.9909021190298857
457,0.9909086489847198
458,0.9909135139951744
459,0.9909276675422051
460,0.990946693855491
461,0.9909596127944101
462,0.9909691159672855
463,0.990985282501702
464,0.9909982812110182
465,0.9910098012406746
466,0.9910194025292359
467,0.9910350033699443
468,0.9910351815804607
469,0.9910445456096553
470,0.9910631067395176
471,0.9910847530083339
472,0.9910980889811101
473,0.9910971747883597
474,0.9910989522085675
475,0.9911095638927148
476,0.9911146910536951
477,0.9911135198706855
478,0.9911184270242795
479,0.991120773750706
480,0.9911212001798986
481,0.9911234382944887
482,0.9911334636161256
483,0.9911389144384615
484,0.9911452437789546
485,0.991150054754251
486,0.9911558890595153
487,0.9911558154821822
488,0.9911535455472236
489,0.991154728211455
490,0.9911602555557457
491,0.9911594617902423
492,0.9911600535056355
493,0.9911582202885587
494,0.9911550746405826
495,0.9911419407025214
496,0.9911336199905714
497,0.9911295051836292
498,0.991129167349326
499,0.9911214082143327
500,0.991116494555856
501,0.9911059596315074
502,0.9910960277905301
503,0.9910947303074815
504,0.9910972839029033
505,0.9911024212562253
506,0.9911070986548554
507,0.9910961155660043
508,0.9910933586684072
509,0.9910892288178942
510,0.9910865398209602
511,0.9910792551297856
512,0.9910699492381123
513,0.9910662383446851
514,0.9910659562546452
515,0.9910609125413672
516,0.9910564598500818
517,0.9910486625409486
518,0.9910357003828042
519,0.9910246220902865
520,0.9910131503028172
521,0.9910090048790402
522,0.9909938446928925
523,0.9909822218781005
524,0.9909693379813302
525,0.9909524402666341
526,0.9909357691466524
527,0.9909187680633199
528,0.9908995791243048
529,0.9908893191123156
530,0.9908790286951114
531,0.9908670500554128
532,0.9908573243324325
533,0.9908435492907176
534,0.9908378072194054
535,0.9908296206966669
536,0.9908197686811715
537,0.9908066127074895
538,0.9907928206655212
539,0.9907780661134855
540,0.9907614805101393
541,0.9907470392130323
542,0.9907287767173117
543,0.9907132924339246
544,0.9906970267687626
545,0.9906834673164792
546,0.9906686534721312
547,0.9906523203082639
548,0.9906403966423256
549,0.9906279329251048
550,0.990612734454005
551,0.9905971897253002
552,0.9905862425241431
553,0.9905881357213986
554,0.9905819571133366
555,0.9905711894312877
556,0.9905667585278904
557,0.990559670217799
558,0.9905525488208835
559,0.9905441122939271
560,0.9905372312238272
561,0.9905353001855449
562,0.9905261251751954
563,0.9905186030367993
564,0.9905137593480311
565,0.990507270918153
566,0.9905012592092197
567,0.99049067169538
568,0.9904820407930607
569,0.9904765063347822
570,0.9904734175024746
571,0.9904668239079714
572,0.9904587293164606
573,0.9904488382077491
574,0.9904399998325767
575,0.9904250057550494
576,0.9904084396810579
577,0.9903942725263319
578,0.9903805357183099
579,0.9903669420110179
580,0.9903541222813147
581,0.9903410484476476
582,0.9903305420880467
583,0.9903207493949631
584,0.9903088027846392
585,0.9902979363740144
586,0.9902865256170575
587,0.9902777264462989
588,0.9902676104349539
589,0.9902587353343976
590,0.9902546728049252
591,0.9902495173694961
592,0.9902418973037387
593,0.990231839335736
594,0.9902234611185722
595,0.9902148957622399
596,0.9902067230008074
597,0.9902025097102415
598,0.9901980825506803
599,0.990194729422491
600,0.9901912802923329
601,0.990187812914046
602,0.9901788892077961
603,0.9901712030540779
604,0.9901654960461205
605,0.9901590401372949
606,0.9901545402826726
607,0.9901489466569654
608,0.9901458213693317
609,0.990143361406059
610,0.990138876750196
611,0.9901359156535396
612,0.9901374007094167
613,0.9901368208039478
614,0.9901409480729856
615,0.9901453857506489
616,0.9901513964639399
617,0.9901544608717923
618,0.9901610610853284
619,0.9901642632661461
620,0.9901732812002958
621,0.9901804581489762
622,0.9901916484213201
623,0.9902067071995
624,0.9902083335822275
625,0.9902052523275578
626,0.9902006447186046
627,0.9901963858477344
628,0.9901959201275069
629,0.9901956880974102
630,0.9901977953056789
631,0.9902004268021894
632,0.9901983711352652
633,0.9901970892764521
634,0.9901948586287682
635,0.9901973151136555
636,0.9902023051069108
637,0.9902028478389482
638,0.9902010168609955
639,0.9902054761117098
640,0.990214298816413
641,0.9902179443703557
642,0.990216690710405
643,0.9902200159424618
644,0.9902246993944847
645,0.9902284956448879
646,0.9902344944230039
647,0.9902367322610071
648,0.9902375730289668
649,0.9902395454682484
650,0.9902376787010502
651,0.9902310641022373
652,0.9902249744471909
653,0.990217142909701
654,0.9902165102151672
655,0.9902149287462872
656,0.990211907196831
657,0.9902087762770541
658,0.9902115598710003
659,0.9902175775155269
660,0.9902143272298805
661,0.9902104783595642
662,0.9902088301133259
663,0.9902117957241099
664,0.9902084543565243
665,0.9902021671333424
666,0.9902017111220276
667,0.990204966821651
668,0.9902102019705625
669,0.9902106428987609
670,0.990211477110409
671,0.9902139000143949
672,0.9902171306190003
673,0.9902221549001167
674,0.9902254435093173
675,0.9902245967110782
676,0.9902181089987308
677,0.9902132049419562
678,0.9902148524845279
679,0.9902085759928151
680,0.9902031987130645
681,0.9901969176914956
682,0.990184666776209
683,0.9901788690237523
684,0.9901748204027692
685,0.9901693249172199
686,0.9901590546179254
687,0.9901511764679619
688,0.9901522217677563
689,0.9901445936395176
690,0.9901312458626632
691,0.9901218961548542
692,0.9901101404228061
693,0.9900999297899391
694,0.9900964158545463
695,0.9900897275398947
696,0.99008151725779
697,0.9900734206257021
698,0.9900695100878931
699,0.9900690133576009
700,0.9900692591042843
701,0.990070053257236
702,0.9900651281431924
703,0.9900603679208545
704,0.9900580369106733
705,0.9900518906460593
706,0.990043927703335
707,0.9900459519724525
708,0.9900389776170807
709,0.9900388530093354
710,0.9900409323765688
711,0.9900348383064638
712,0.9900304596683228
713,0.9900260132151899
714,0.9900201084505252
715,0.9900066545661507
716,0.9900023197994325
717,0.9899973524295685
718,0.9899911280648095
719,0.9899767920404126
720,0.9899672142718113
721,0.989954864724352
722,0.9899491317868857
723,0.9899419120580347
724,0.9899298842467271
725,0.989917215207744
726,0.989910671913019
727,0.9899006202874603
728,0.9898924243648769
729,0.9898906976432752
730,0.9898827580114331
731,0.989872425251398
732,0.9898598027157505
733,0.9898491416444747
734,0.9898469741480695
735,0.989836236307857
736,0.9898212831328413
737,0.9898187778803927
738,0.9898082783437692
739,0.9897942551117201
740,0.9897869641353522
741,0.9897744109617729
742,0.9897719404635344
743,0.9897635631565238
744,0.9897564218025263
745,0.9897514663493369
746,0.9897406390972522
747,0.9897235740078196
748,0.9897154632214155
749,0.9897156585572542
750,0.9897063163215919
751,0.9897080133474925
752,0.9896920599542941
753,0.9896782783151997
754,0.9896647910636915
755,0.9896650629297468
756,0.9896522420804835
757,0.9896384499517396
758,0.9896200909343008
759,0.9896029573784398
760,0.9895904431015766
761,0.9895697132553769
762,0.9895576831201118
763,0.9895552846339183
764,0.9895499449992867
765,0.9895387437107911
766,0.9895207798609911
767,0.9895056537253089
768,0.9894973630935681
769,0.9894777219012819
770,0.9894558830954999
771,0.9894333903366664
772,0.9894203148583309
773,0.989422963428259
774,0.9894171053190661
775,0.989407202906389
776,0.9893862772504582
777,0.9893717243158302
778,0.9893619074308733
779,0.9893540092956288
780,0.9893349864532067
781,0.9893286191122254
782,0.9893224938557355
783,0.9893119553911125
784,0.9893066595473986
785,0.9892957839440614
786,0.9892805810536779
787,0.9892724571548627
788,0.989257521595607
789,0.989238473579181
790,0.9892242904837191
791,0.9892113579034963
792,0.9892001017321793
793,0.9891863488711141
794,0.9891644910399119
795,0.9891337416498099
796,0.989122129743879
797,0.9891125069691602
798,0.9891023548927799
799,0.9890660392586379
800,0.989030779490712
801,0.9890087742514997
802,0.9889877651692911
803,0.9889720245180752
804,0.9889556270564855
805,0.9889362365990315
806,0.9889199630730369
807,0.9889122776532451
808,0.98890171784943
809,0.9888851048453627
810,0.988876481963815
811,0.9888716875063093
812,0.9888619019132183
813,0.9888590071391529
814,0.9888584152779595
815,0.9888528716139767
816,0.9888475121216271
817,0.9888467024511334
818,0.9888529226247181
819,0.988858969230839
820,0.9888647736344336
821,0.988867999002947
822,0.9888713778514961
823,0.9888819579843421
824,0.9888897026831917
825,0.9888962396141137
826,0.9889068558631311
827,0.9889183563256654
828,0.9889244838077902
829,0.9889370125083855
830,0.9889445865392436
831,0.9889508934364124
832,0.9889631313652942
833,0.9889757401726919
834,0.9889884366849309
835,0.9890056076064371
836,0.9890335930304701
837,0.9890541560698151
838,0.9890734906756997
839,0.9890909093505599
840,0.9891172685879069
841,0.9891389662357178
842,0.9891652649597873
843,0.9891843647691179
844,0.9892077690760958
845,0.9892362132333709
846,0.9892637026092669
847,0.9892886949526175
848,0.9893218585623743
849,0.9893531051019864
850,0.9893785725205418
851,0.9894084569456322
852,0.9894432812946968
853,0.9894799080640584
854,0.9895136818085453
855,0.9895406294313457
856,0.989571527877654
857,0.9896106271984376
858,0.9896383753191708
859,0.9896729509850579
860,0.9897133119725747
861,0.9897491817078669
862,0.9897887822926195
863,0.9898198341179392
864,0.9898548396039398
865,0.9898894068079852
866,0.9899210235924006
867,0.9899596788484647
868,0.990004120531053
869,0.9900392767238465
870,0.990062826036421
871,0.9900952053403536
872,0.9901143836824056
873,0.9901497615130233
874,0.990183648321484
875,0.9902163021241938
876,0.9902348446142171
877,0.9902610661023542
878,0.9902843741488545
879,0.9903152336601582
880,0.9903481759437771
881,0.9903723879809077
882,0.9903961832664391
883,0.9904120330510325
884,0.9904243815827998
885,0.9904370088131199
886,0.990452621119843
887,0.9904764850685206
888,0.9904976275467554
889,0.9905125498309325
890,0.9905373293157549
891,0.99056332684712
892,0.9905907893995249
893,0.9906131366908364
894,0.9906202567400569
895,0.9906318612715509
896,0.9906412869493914
897,0.990659560089203
898,0.9906782892335529
899,0.9906902908427561
900,0.9906958319067346
901,0.9907071001075942
902,0.9907099254799507
903,0.9907138881322362
904,0.9907187234391072
905,0.9907184735912006
906,0.9907235560754893
907,0.990732349558795
908,0.9907292628562536
909,0.9907277692581544
910,0.9907270152842713
911,0.9907226193945918
912,0.9907175031881353
913,0.9907072231545417
914,0.9906935806607357
915,0.9906823239703911
916,0.9906765481880523
917,0.9906557549481241
918,0.9906386623207928
919,0.9906185876932347
920,0.9906201211110545
921,0.9906300197774167
922,0.990625590160121
923,0.9906233300766095
924,0.9906221188539638
925,0.9906207949234214
926,0.9906175832540328
927,0.9906122861846268
928,0.990609206858304
929,0.9906041891218084
930,0.9905956526350981
931,0.9905872706758418
932,0.990582544700362
933,0.9905790466256768
934,0.9905756041119727
935,0.9905724486322207
936,0.9905710344187187
937,0.9905701743869825
938,0.9905721213158619
939,0.9905731220562476
940,0.9905698498503661
941,0.990564827974671
942,0.9905634885742505
943,0.990561626196506
944,0.9905575451049714
945,0.9905540349193946
946,0.9905504724777352
947,0.9905465681124462
948,0.9905443544210747
949,0.9905436522940019
950,0.9905449062257026
951,0.9905442530889292
952,0.9905451472154763
953,0.9905439878000857
954,0.9905388732527294
955,0.9905340837025975
956,0.9905304417457836
957,0.9905297301770422
958,0.9905298829887161
959,0.9905293993891118
960,0.9905268616270858
961,0.9905221968143152
962,0.9905176623401305
963,0.9905149241868572
964,0.9905128465277636
965,0.9905143130919493
966,0.9905156204870875
967,0.9905183101685414
968,0.9905235516142011
969,0.9905254158854873
970,0.9905250980858636
971,0.9905259654719366
972,0.9905275321743937
973,0.990530170560155
974,0.9905357951238238
975,0.990544121183584
976,0.9905501704068393
977,0.9905545137446428
978,0.9905587324615968
979,0.9905618951494277
980,0.9905665377569741
981,0.9905756388543336
982,0.9905843745966884
983,0.9905941177368403
984,0.9906063896135257
985,0.990618785708888
986,0.9906264200996507
987,0.9906325593513141
988,0.9906384389518722
989,0.9906447191356319
990,0.9906539090905357
991,0.9906679026551376
992,0.990681316753084
993,0.9906934165567076
994,0.9907051668427854
995,0.9907192555749296
996,0.9907347273703565
997,0.9907532118710927
998,0.9907739861552105
999,0.9907938375087575
1000,0.990810811860429
1001,0.990828877937962
1002,0.990846937170565
1003,0.9908671338690856
1004,0.9908889693681269
1005,0.990905905926631
1006,0.990921959116338
1007,0.9909394429669677
1008,0.990955732194748
1009,0.9909705855936624
1010,0.9909846505433169
1011,0.9909984892852736
1012,0.9910115308942847
1013,0.9910232181677856
1014,0.9910343492507113
1015,0.9910424515287717
1016,0.9910496828474177
1017,0.9910594244895851
1018,0.9910704497868691
1019,0.9910792027853979
1020,0.9910872084993145
1021,0.9910945825443185
1022,0.9911048698296502
1023,0.9911170995141659
1024,0.991127198033667
1025,0.9911368526664782
1026,0.9911431481491159
1027,0.9911478829929051
1028,0.9911541731260972
1029,0.9911602122314717
1030,0.9911659441749028
1031,0.9911718416019012
1032,0.991175736071387
1033,0.9911781282995246
1034,0.9911799844975077
1035,0.9911809895505279
1036,0.9911823921075826
1037,0.9911842443402463
1038,0.9911854465487931
1039,0.9911837920912147
1040,0.9911815347595381
1041,0.9911792963685254
1042,0.9911765619435696
1043,0.9911772315666112
1044,0.991177399883349
1045,0.9911765010044836
1046,0.9911758251147648
1047,0.9911781410207581
1048,0.9911802639229166
1049,0.9911804195931463
1050,0.9911827984285058
1051,0.9911886064419243
1052,0.9911929276260866
1053,0.9911951273808616
1054,0.991199186012364
1055,0.9912018740699318
1056,0.9912015274026814
1057,0.991199069441085
1058,0.9911963284986588
1059,0.9911939508610845
1060,0.9911892103572031
1061,0.9911847252144076
1062,0.9911797319526144
1063,0.9911714372079524
1064,0.9911610724497063
1065,0.9911498595675475
1066,0.9911371025442818
1067,0.9911246593030761
1068,0.9911140346358072
1069,0.9911021573173645
1070,0.991088229825932
1071,0.9910748491638567
1072,0.9910618716777073
1073,0.9910471831037903
1074,0.9910335515799754
1075,0.9910218039275523
1076,0.9910087681400412
1077,0.9909934345281151
1078,0.9909767569006743
1079,0.9909602865918992
1080,0.9909448042119576
1081,0.990931640471878
1082,0.9909211400809195
1083,0.9909105400278253
1084,0.9908994531827112
1085,0.9908904250053414
1086,0.9908793198628469
1087,0.9908702165388867
1088,0.9908625486071433
1089,0.9908534591521904
1090,0.9908455762713988
1091,0.9908414192908218
1092,0.9908347964987506
1093,0.9908289202685355
1094,0.9908249049486049
1095,0.9908177818489518
1096,0.9908062589087397
1097,0.9907962497316011
1098,0.9907910725824279
1099,0.9907870543327704
1100,0.9907859040909349
1101,0.9907847333469226
1102,0.990780222690202
1103,0.990777459468926
1104,0.9907749239099543
1105,0.9907693229220917
1106,0.9907644467500745
1107,0.9907635080108281
1108,0.990766468709045
1109,0.99077209721113
1110,0.9907778823002338
1111,0.9907805350223011
1112,0.9907798662768911
1113,0.9907789647318527
1114,0.9907782890487481
1115,0.9907764238147387
1116,0.990775784033666
1117,0.9907726389188615
1118,0.9907650717931473
1119,0.9907566338556132
1120,0.990749500485168
1121,0.990743185882826
1122,0.9907356538015202
1123,0.9907252828005849
1124,0.9907167146493736
1125,0.9907097624494865
1126,0.990702215809225
1127,0.9906941113643185
1128,0.9906856081022014
1129,0.9906761135692196
1130,0.9906676443310458
1131,0.9906559103652394
1132,0.9906449533236257
1133,0.9906352146775076
1134,0.9906269377846162
1135,0.990619518403048
1136,0.9906157316327041
1137,0.9906136069013354
1138,0.9906112686237002
1139,0.9906075876288498
1140,0.9906044805311924
1141,0.9906003787825438
1142,0.990595410427072
1143,0.9905897197747306
1144,0.9905801874888523
1145,0.9905716171964171
1146,0.9905624304759808
1147,0.9905538929136369
1148,0.9905448325150163
1149,0.9905358939325979
1150,0.9905267147039781
1151,0.990517597001932
1152,0.9905085126997197
1153,0.9904981849273402
1154,0.9904881223037868
1155,0.9904770954882461
1156,0.9904664249129889
1157,0.9904571809720086
1158,0.9904487428155789
1159,0.9904401116191011
1160,0.9904303491890096
1161,0.990421423169533
1162,0.9904142095474376
1163,0.9904085678351506
1164,0.9904026565248784
1165,0.9903975912448567
1166,0.9903917635968961
1167,0.9903874079191533
1168,0.990380107818057
1169,0.9903730969894278
1170,0.9903663988395579
1171,0.9903588296508017
1172,0.9903499509717452
1173,0.9903393131296779
1174,0.9903291643914097
1175,0.9903167441709851
1176,0.9903039804582486
1177,0.9902929764915501
1178,0.9902827495111846
1179,0.9902721901964843
1180,0.9902603092840517
1181,0.9902488812826316
1182,0.9902376031982969
1183,0.9902271062340113
1184,0.9902161359474427
1185,0.9902044684084165
1186,0.9901918298728486
1187,0.9901776000504945
1188,0.9901614546750128
1189,0.9901468853442067
1190,0.9901325147527799
1191,0.9901190338466936
1192,0.9901058792321242
1193,0.9900956794363096
1194,0.9900874779270139
1195,0.9900799139970147
1196,0.9900722965359331
1197,0.9900661012955705
1198,0.9900620756704788
1199,0.9900593040948649
1200,0.9900561989422904
1201,0.9900514472440413
1202,0.9900437412970381
1203,0.9900339304566014
1204,0.9900237352924539
1205,0.9900119041736667
1206,0.9899973013310024
1207,0.9899805640714702
1208,0.9899619958285463
1209,0.989944849673274
1210,0.9899284127412422
1211,0.9899137853288451
1212,0.9898985422927377
1213,0.9898863579364229
1214,0.9898761684335117
1215,0.9898673660783632
1216,0.9898603634069594
1217,0.9898564815246407
1218,0.9898568544868781
1219,0.9898571011686501
1220,0.9898584246570842
1221,0.9898608031766734
1222,0.9898635853601353
1223,0.9898643505520917
1224,0.9898652945884341
1225,0.9898662830078158
1226,0.9898688549035896
1227,0.9898705940039394
1228,0.9898731096093999
1229,0.9898748751502082
1230,0.9898757882413489
1231,0.9898755211676529
1232,0.9898739765288513
1233,0.9898713324922606
1234,0.989866759640965
1235,0.9898635347703204
1236,0.9898619936167294
1237,0.9898584032762627
1238,0.9898590600217736
1239,0.9898596297220017
1240,0.9898565339218455
1241,0.9898537363781978
1242,0.9898491282142718
1243,0.9898432785433761
1244,0.9898384974935726
1245,0.9898332413090591
1246,0.9898263889149895
1247,0.9898185377102438
1248,0.9898117330166639
1249,0.9898053766261194
1250,0.9897983612622556
1251,0.989790458211448
1252,0.9897825135722789
1253,0.9897716435891306
1254,0.98975873586794
1255,0.9897432917322883
1256,0.9897267031590928
1257,0.989706454062904
1258,0.9896843665399072
1259,0.9896611730481053
1260,0.9896377232080968
1261,0.9896150298385368
1262,0.9895913704228336
1263,0.9895686612823281
1264,0.9895453786902415
1265,0.9895233396864404
1266,0.9894999512274214
1267,0.989477415452763
1268,0.9894543166624913
1269,0.9894303900951593
1270,0.9894063351033361
1271,0.989381491651906
1272,0.9893544711325747
1273,0.9893263923770689
1274,0.9892982511601055
1275,0.9892707768144514
1276,0.9892435973610676
1277,0.9892144395080035
1278,0.989183811761632
1279,0.9891524865463834
1280,0.9891201085317494
1281,0.9890905614249524
1282,0.9890606546348122
1283,0.9890307289282131
1284,0.9890012980495769
1285,0.9889717813928118
1286,0.9889442270738164
1287,0.9889184475811581
1288,0.9888952327043967
1289,0.9888760836497971
1290,0.9888594382442046
1291,0.9888440168866364
1292,0.988832055726354
1293,0.9888250538735314
1294,0.9888221847422994
1295,0.9888236753862033
1296,0.9888280083125713
1297,0.9888327207803932
1298,0.9888384978651943
1299,0.9888455333159705
1300,0.9888524537786919
1301,0.9888593608597591
1302,0.9888639791538354
1303,0.9888651703399876
1304,0.988860254392717
1305,0.9888500752810092
1306,0.9888347128715114
1307,0.9888149888383273
1308,0.9887942600003311
1309,0.9887706096387867
1310,0.9887407628659217
1311,0.9887045096331255
1312,0.9886609928218798
1313,0.9886128587531191
1314,0.9885552933748846
1315,0.9884949370183664
1316,0.9884351972712953
1317,0.9883764195359453
1318,0.9883243547360726
1319,0.9882742709099395
1320,0.9882285103491657
1321,0.9881825651324802
1322,0.988137063143475
1323,0.9880905222470909
1324,0.9880372630059922
1325,0.9879810464842945
1326,0.9879192666528392
1327,0.9878554536564508
1328,0.9877919375447941
1329,0.9877293678563056
1330,0.9876673729095796
1331,0.987605972028583
1332,0.9875468205281283
1333,0.9874902805353314
1334,0.9874335561207717
1335,0.987377853992827
1336,0.9873181781195675
1337,0.9872536054580954
1338,0.987187371863053
1339,0.9871182875260277
1340,0.9870476571609729
1341,0.9869781788120994
1342,0.9869085007391964
1343,0.9868358868239367
1344,0.9867658737377347
1345,0.9866963637506477
1346,0.9866271025508454
1347,0.9865593943564777
1348,0.9864910634722632
1349,0.9864194867786984
1350,0.9863460131995768
1351,0.9862671822603105
1352,0.9861883425177632
1353,0.9861091793303879
1354,0.986030136355357
1355,0.9859525862150307
1356,0.9858754559506042
1357,0.9857997523246297
1358,0.9857263314148365
1359,0.9856525356435814
1360,0.9855816200690374
1361,0.9855159680123654
1362,0.985451780801639
1363,0.9853908245403352
1364,0.985333292991614
1365,0.9852791394634539
1366,0.9852263708292477
1367,0.985176373650085
1368,0.985128108152611
1369,0.9850822045123718
1370,0.9850358262190505
1371,0.9849913273551315
1372,0.9849473580275795
1373,0.9849061804603804
1374,0.9848671553677202
1375,0.9848321566008761
1376,0.9848020934521643
1377,0.9847760137359794
1378,0.9847552646536419
1379,0.9847398306891662
1380,0.984729801440724
1381,0.984724566256632
1382,0.9847206193201306
1383,0.9847208465926931
1384,0.9847250199671062
1385,0.9847312043674762
1386,0.9847404680499604
1387,0.9847530363659097
1388,0.9847687926826829
1389,0.9847856945753265
1390,0.9848069382933952
1391,0.9848311440857188
1392,0.984857134007523
1393,0.9848859627516775
1394,0.9849183997805776
1395,0.9849549696896638
1396,0.9849948436666045
1397,0.9850399706541836
1398,0.9850927255013994
1399,0.9851528617009337
1400,0.9852186322649076
1401,0.9852941541193836
1402,0.9853756989565141
1403,0.9854617800796663
1404,0.9855502263349113
1405,0.9856411787461501
1406,0.9857350898419345
1407,0.9858298312891495
1408,0.9859270564860387
1409,0.986023780516013
1410,0.9861193638678596
1411,0.9862146845467346
1412,0.9863110408848975
1413,0.9864052541450808
1414,0.986494888138862
1415,0.9865810872926079
1416,0.9866631456129497
1417,0.9867411035302595
1418,0.9868169686704167
1419,0.9868873868102082
1420,0.9869512250150242
1421,0.9870103556079579
1422,0.9870628553615356
1423,0.9871103746102676
1424,0.9871550188438497
1425,0.9871981228522569
1426,0.9872400366076263
1427,0.987282318058736
1428,0.9873259167031446
1429,0.9873685361424389
1430,0.9874127810457434
1431,0.9874577296306352
1432,0.9875053600950272
1433,0.9875569273420962
1434,0.9876096322024883
1435,0.9876676893115056
1436,0.9877257618066105
1437,0.9877809811067834
1438,0.9878325327317808
1439,0.9878739408115871
1440,0.9879092167443047
1441,0.9879342315585387
1442,0.9879515341271495
1443,0.9879649542244706
1444,0.9879772162701577
1445,0.9879950005073994
1446,0.9880156786239598
1447,0.9880420761523229
1448,0.9880715220416161
1449,0.9881014029448855
1450,0.9881308510280592
1451,0.9881585582077711
1452,0.9881849966450434
1453,0.9882068675247653
1454,0.9882243779730876
1455,0.9882389238416351
1456,0.9882510493280696
1457,0.9882632117614889
1458,0.9882776505626049
1459,0.988291008422073
1460,0.9883035691020733
1461,0.9883150121754367
1462,0.988324495562137
1463,0.9883326858655944
1464,0.988342225454102
1465,0.9883479049641634
1466,0.9883512238436433
1467,0.9883531216306506
1468,0.9883525682450579
1469,0.9883499986956674
1470,0.9883483790590935
1471,0.9883453321111966
1472,0.9883452453552006
1473,0.9883502237906772
1474,0.9883572758712843
1475,0.98836890794201
1476,0.988384134490694
1477,0.9883992853223114
1478,0.9884143894442402
1479,0.9884289697181309
1480,0.9884421857881872
1481,0.988452931213833
1482,0.9884610711261554
1483,0.9884699063604456
1484,0.9884763313610488
1485,0.9884822789932955
1486,0.9884903824758805
1487,0.9884976108682698
1488,0.9885051850308418
1489,0.9885127124777932
1490,0.9885210492397494
1491,0.9885301780045025
1492,0.988539261849307
1493,0.9885510944927429
1494,0.9885641750623251
1495,0.9885801315426378
1496,0.988597264260801
1497,0.988614142743731
1498,0.9886306726215789
1499,0.9886467219845426
1500,0.9886631781529587
1501,0.9886785230629449
1502,0.9886936301609002
1503,0.9887078914598147
1504,0.9887195972162375
1505,0.9887303588551749
1506,0.9887413522070295
1507,0.9887506392519815
1508,0.9887610099108376
1509,0.9887701033693974
1510,0.9887798462109422
1511,0.9887909685675399
1512,0.988801520671471
1513,0.988812592906296
1514,0.988824458386568
1515,0.9888374551055225
1516,0.9888533129748462
1517,0.9888700379536015
1518,0.988887367090656
1519,0.9889037525914752
1520,0.988917433730117
1521,0.9889292354314627
1522,0.9889349855456672
1523,0.9889361880851478
1524,0.9889350813661228
1525,0.9889346670822234
1526,0.9889353439254315
1527,0.9889357017018758
1528,0.9889365823978612
1529,0.9889337345656262
1530,0.9889309962530439
1531,0.9889276567913106
1532,0.9889232676908956
1533,0.9889172179072818
1534,0.9889101904753868
1535,0.9889035646464374
1536,0.9888959285231713
1537,0.9888882541269266
1538,0.9888791961142857
1539,0.9888692828846215
1540,0.9888606629604942
1541,0.9888527316582496
1542,0.9888450483522679
1543,0.9888380694463906
1544,0.9888316070690687
1545,0.9888262865875171
1546,0.9888210303611406
1547,0.9888165580578991
1548,0.9888130384821519
1549,0.9888081466303718
1550,0.9888025278320521
1551,0.9887956502230577
1552,0.9887894578025416
1553,0.9887824640786899
1554,0.9887755717252616
1555,0.9887699260240657
1556,0.988764601497797
1557,0.988760797403212
1558,0.9887572087132229
1559,0.9887550604099138
1560,0.9887528930548098
1561,0.9887508984918938
1562,0.9887488363091396
1563,0.9887478245942453
1564,0.9887467290765981
1565,0.9887452235990496
1566,0.9887424751271967
1567,0.988738910622827
1568,0.9887337276291164
1569,0.9887302580518772
1570,0.9887282392480692
1571,0.9887253284705213
1572,0.9887212216878268
1573,0.9887160079499464
1574,0.9887113457626969
1575,0.9887086640101796
1576,0.9887061565297588
1577,0.9887036140842811
1578,0.9887002133070782
1579,0.9886941731422434
1580,0.9886874305951373
1581,0.9886807119216185
1582,0.9886732016407709
1583,0.9886648772199398
1584,0.9886545761484486
1585,0.9886439427957897
1586,0.9886337304371288
1587,0.9886207101769735
1588,0.9886058809013955
1589,0.9885899516178691
1590,0.9885734333439237
1591,0.9885570337112473
1592,0.9885430522650485
1593,0.9885281982607376
1594,0.9885086691850691
1595,0.9884907172715512
1596,0.9884697867664622
1597,0.9884480099511317
1598,0.988426374075558
1599,0.9884044257299711
1600,0.9883819134129125
1601,0.9883612353091386
1602,0.9883409055615603
1603,0.9883227106959503
1604,0.9883025649631446
1605,0.9882833344888818
1606,0.9882627338037315
1607,0.9882386240207061
1608,0.9882144092547595
1609,0.9881888179201375
1610,0.9881640648648858
1611,0.9881377327183779
1612,0.988111950759867
1613,0.9880910627042956
1614,0.9880701129990254
1615,0.9880496994981148
1616,0.9880321031779737
1617,0.988016253355399
1618,0.9880017281717903
1619,0.9879892754869626
1620,0.9879806845683915
1621,0.9879720611348478
1622,0.9879646400544246
1623,0.9879558270044664
1624,0.9879470015336348
1625,0.9879405882889468
1626,0.9879323817104172
1627,0.9879250696220399
1628,0.9879200302827515
1629,0.9879114962775767
1630,0.9879045194434637
1631,0.9878969403906287
1632,0.9878879728113507
1633,0.9878793850996946
1634,0.9878715178406509
1635,0.9878665354133692
1636,0.9878621176455537
1637,0.9878577637784611
1638,0.9878538267139878
1639,0.9878485223806046
1640,0.9878411593840919
1641,0.9878302104162164
1642,0.9878179119629554
1643,0.9878055402458723
1644,0.9877935292926588
1645,0.9877828026165647
1646,0.9877707483842759
1647,0.9877565005025206
1648,0.9877436418320746
1649,0.9877322959761969
1650,0.9877242565004973
1651,0.9877144718969778
1652,0.9877054511620564
1653,0.9876962122872984
1654,0.987688930151073
1655,0.9876830967524194
1656,0.9876780512939932
1657,0.9876756702466047
1658,0.9876723080588371
1659,0.9876715577372508
1660,0.9876692121636714
1661,0.9876613572372545
1662,0.9876521793232819
1663,0.987640705503984
1664,0.9876300712981027
1665,0.9876203364579244
1666,0.9876085001131519
1667,0.987597889604269
1668,0.987587662078986
1669,0.9875754455802842
1670,0.9875649545869928
1671,0.9875527330223732
1672,0.9875403468591764
1673,0.9875270377058796
1674,0.9875155701576198
1675,0.9875042214261086
1676,0.9874935945801332
1677,0.9874859420236028
1678,0.9874761254007448
1679,0.9874687358988505
1680,0.9874633697765214
1681,0.9874564600806379
1682,0.9874508847283835
1683,0.9874442929610726
1684,0.9874388052344726
1685,0.987434209938771
1686,0.9874319446129882
1687,0.9874308079502736
1688,0.9874300408102941
1689,0.9874300611045159
1690,0.9874280053080832
1691,0.9874254614440582
1692,0.9874230315411184
1693,0.9874192393050172
1694,0.9874160565089892
1695,0.9874114722390311
1696,0.9874035004812112
1697,0.9873943782809843
1698,0.9873817116713647
1699,0.987368538668705
1700,0.987357845668676
1701,0.9873466701032686
1702,0.9873366443918662
1703,0.9873255973276137
1704,0.9873132532482041
1705,0.9872998797594392
1706,0.9872866185534473
1707,0.987275075299856
1708,0.9872674748371553
1709,0.987261510246612
1710,0.9872557156318796
1711,0.9872523384469227
1712,0.9872485819866923
1713,0.987243606298978
1714,0.9872401649481124
1715,0.987235626596505
1716,0.9872280456235359
1717,0.9872202834019489
1718,0.9872111423607436
1719,0.9872055668577634
1720,0.987202792955573
1721,0.9871998804792181
1722,0.9871966210945037
1723,0.9871938072203641
1724,0.9871916114364586
1725,0.9871904771624019
1726,0.987189150213664
1727,0.9871895539213105
1728,0.9871906076418164
1729,0.9871922010941103
1730,0.9871935741041297
1731,0.987195296445668
1732,0.9871995571648987
1733,0.9872046821249689
1734,0.987209638555934
1735,0.9872142807142821
1736,0.9872185254657908
1737,0.9872205366277653
1738,0.9872221428055615
1739,0.9872260850462156
1740,0.9872324751139724
1741,0.9872398309527765
1742,0.9872434902576708
1743,0.9872418538016166
1744,0.9872380080344292
1745,0.9872328507344335
1746,0.9872289090038082
1747,0.9872258052257076
1748,0.9872220563395221
1749,0.9872200477771337
1750,0.987225169993333
1751,0.9872350491490771
1752,0.9872520732879263
1753,0.9872724634854153
1754,0.9872967786060672
1755,0.9873228256286072
1756,0.9873469888518337
1757,0.987371276405233
1758,0.9873929630367254
1759,0.9874104198540514
1760,0.9874236091274811
1761,0.9874332742806912
1762,0.9874420805327989
1763,0.9874478865666416
1764,0.9874531931518553
1765,0.9874585729707857
1766,0.9874648383338852
1767,0.9874725909311375
1768,0.9874796054311262
1769,0.987483367731913
1770,0.9874840777330254
1771,0.9874813276849796
1772,0.987477278785928
1773,0.9874727870484415
1774,0.9874709153867692
1775,0.987465835025851
1776,0.9874621125665619
1777,0.9874576843251669
1778,0.9874472639497166
1779,0.9874294477519207
1780,0.9874005027139459
1781,0.9873601726772491
1782,0.9873102145115948
1783,0.9872505853551002
1784,0.9871868301351102
1785,0.9871205620543678
1786,0.9870512266055353
1787,0.986981400677773
1788,0.986909757671967
1789,0.9868313380795154
1790,0.9867465978059031
1791,0.9866527583825963
1792,0.9865536105681594
1793,0.9864508531396305
1794,0.9863443413977007
1795,0.9862353432689855
1796,0.986123850719831
1797,0.9860085634015815
1798,0.9858889984328346
1799,0.9857684357820717
1800,0.98563845087404
1801,0.9854992093054615
1802,0.9853555079110297
1803,0.9852083130302037
1804,0.9850647801587098
1805,0.9849279727710516
1806,0.9847957529637261
1807,0.9846719238697234
1808,0.9845540971822023
1809,0.9844388606504729
1810,0.9843245120204274
1811,0.9842060403206176
1812,0.9840796130188781
1813,0.9839443199497703
1814,0.9837983350678391
1815,0.9836410193303027
1816,0.9834717727360126
1817,0.9832919748791488
1818,0.9831008927846774
1819,0.9829043862685447
1820,0.9827035243324809
1821,0.9824982805892492
1822,0.9822943131868798
1823,0.9820889093348214
1824,0.9818863308360983
1825,0.9816868422139351
1826,0.9814899845596264
1827,0.9812959875198243
1828,0.981106211155029
1829,0.9809185322466809
1830,0.9807334790430378
1831,0.9805494147582413
1832,0.9803626097287692
1833,0.98017098517271
1834,0.9799772900110623
1835,0.9797867327942116
1836,0.9796029232061552
1837,0.9794274369224475
1838,0.979258716446873
1839,0.9791027406088761
1840,0.9789513908368267
1841,0.9788034479278492
1842,0.9786612206733057
1843,0.978523234446393
1844,0.9783881227965495
1845,0.9782549070047853
1846,0.978119248197985
1847,0.9779802585760698
1848,0.9778360550501692
1849,0.9776886196552872
1850,0.9775414628222762
1851,0.9773995560834252
1852,0.9772653550256308
1853,0.9771361906308846
1854,0.9770128178225633
1855,0.976892943407414
1856,0.9767774295728422
1857,0.9766715487171059
1858,0.9765747595595043
1859,0.97648715407997
1860,0.9764044726200622
1861,0.9763228271479434
1862,0.9762415736553113
1863,0.9761642101369724
1864,0.9760934323056423
1865,0.9760287939533672
1866,0.9759718822889637
1867,0.9759255532745221
1868,0.9758889084571616
1869,0.9758613085069128
1870,0.9758408935813426
1871,0.9758230031125432
1872,0.9758065257700211
1873,0.9757894789832917
1874,0.9757774903551312
1875,0.9757694191982573
1876,0.975762231976247
1877,0.975761991509734
1878,0.975763578719578
1879,0.9757668193064359
1880,0.9757744947853235
1881,0.9757864234808358
1882,0.9758040249804887
1883,0.9758267943722664
1884,0.975854777793687
1885,0.975885779964703
1886,0.9759172576812624
1887,0.9759497582080834
1888,0.9759834306711114
1889,0.9760199877410402
1890,0.9760590254608967
1891,0.9760974341960856
1892,0.9761375057052664
1893,0.9761771029312352
1894,0.9762130740778764
1895,0.9762428692738272
1896,0.9762687398956669
1897,0.9762843297406786
1898,0.9762903754582836
1899,0.9762924267895264
1900,0.9762934222506899
1901,0.9762955174248268
1902,0.9763035996221815
1903,0.976318777367288
1904,0.9763422948693989
1905,0.9763696950631092
1906,0.9763965269652065
1907,0.9764228970620422
1908,0.9764467068892483
1909,0.9764672285490463
1910,0.9764892529497219
1911,0.9765139370486582
1912,0.9765397569691299
1913,0.9765683118332954
1914,0.976599455822812
1915,0.9766307972237147
1916,0.9766611812241832
1917,0.9766910241604702
1918,0.9767207547598616
1919,0.9767499970532507
1920,0.9767785082908125
1921,0.976811031818548
1922,0.9768478123399299
1923,0.9768878704827696
1924,0.9769294166596416
1925,0.9769663206043447
1926,0.9769935690089204
1927,0.9770114181596674
1928,0.9770120887331759
1929,0.9769967062381979
1930,0.9769684338896021
1931,0.9769295288705567
1932,0.9768827374980484
1933,0.9768322418634695
1934,0.9767814906562181
1935,0.9767338870933927
1936,0.9766900344144956
1937,0.9766556999554378
1938,0.9766310901143971
1939,0.9766162158769179
1940,0.9766067751317252
1941,0.9766032056546446
1942,0.9766034958724014
1943,0.9766039935356898
1944,0.9766056560323894
1945,0.9766055013909736
1946,0.9766020517175924
1947,0.9765975779698349
1948,0.9765915504606092
1949,0.9765810507423949
1950,0.9765679613241934
1951,0.9765512440453913
1952,0.976532428422474
1953,0.9765134357179657
1954,0.976499193964771
1955,0.9764895063066615
1956,0.9764804697093107
1957,0.9764669207551921
1958,0.9764454629988485
1959,0.9764166258772747
1960,0.9763740195784144
1961,0.9763196671429439
1962,0.9762550709106836
1963,0.9761798303259006
1964,0.9760914973387543
1965,0.9759946990860533
1966,0.975888454673252
1967,0.9757818956967323
1968,0.9756796397972163
1969,0.9755836001033422
1970,0.9754909422655205
1971,0.9753988602269066
1972,0.9753027323784775
1973,0.9752012440530364
1974,0.9750955233113108
1975,0.9749839319377083
1976,0.9748665441289757
1977,0.9747467404827641
1978,0.9746209723542838
1979,0.9744863666232398
1980,0.9743429475743548
1981,0.9741937830913717
1982,0.9740389702056869
1983,0.9738813596847773
1984,0.97372423242382
1985,0.9735674224856545
1986,0.9734142684555979
1987,0.9732651939075615
1988,0.9731112111172212
1989,0.9729541497963146
1990,0.9727937144372497
1991,0.9726266017923108
1992,0.9724542953545273
1993,0.972280270858627
1994,0.9721013914055643
1995,0.971916743568667
1996,0.9717234687436793
1997,0.9715257126677168
1998,0.9713190599643694
1999,0.9711069027574311
2000,0.9708919016516282
2001,0.9706711530308629
2002,0.9704434210864608
2003,0.9702120179061836
2004,0.9699741217231937
2005,0.9697337848882343
2006,0.9694921422261465
2007,0.969250166917099
2008,0.9690077042037115
2009,0.968761859595513
2010,0.9685131669704197
2011,0.9682610102762231
2012,0.9680061887964768
2013,0.9677455854627744
2014,0.967480310101142
2015,0.9672103068553273
2016,0.9669386768813651
2017,0.9666675377511623
2018,0.9663996145299502
2019,0.9661336283380743
2020,0.9658677467069984
2021,0.9656001063512862
2022,0.9653318766961649
2023,0.9650597926714467
2024,0.9647888949559544
2025,0.964517081261361
2026,0.9642473777961011
2027,0.9639791332444645
2028,0.9637122196609675
2029,0.9634469310923466
2030,0.9631815270602329
2031,0.962915598173667
2032,0.96265016684105
2033,0.9623883820936212
2034,0.9621271356524317
2035,0.9618656777056739
2036,0.9616059609178792
2037,0.9613487313233077
2038,0.9610955699229553
2039,0.9608427850121662
2040,0.9605896702659532
2041,0.9603374114587659
2042,0.9600822002593511
2043,0.9598260422114935
2044,0.9595731519090053
2045,0.9593233187591923
2046,0.9590777119243972
2047,0.9588404154160252
2048,0.9586072170176089
2049,0.95838182405418
2050,0.9581638733316409
2051,0.9579472344115988
2052,0.9577348870581361
2053,0.9575286077712579
2054,0.9573283579127296
2055,0.957133653680056
2056,0.9569430383607525
2057,0.956756701427351
2058,0.9565705456435617
2059,0.9563836484910861
2060,0.9561960719395416
2061,0.9560087281359497
2062,0.9558199626079777
2063,0.955631050638187
2064,0.9554411117568028
2065,0.95524904899883
2066,0.9550578494977144
2067,0.9548688860520389
2068,0.9546857179850504
2069,0.95450472040746
2070,0.9543290038662482
2071,0.954154430214893
2072,0.9539777141671498
2073,0.9538001439847371
2074,0.9536208261472935
2075,0.9534360463512029
2076,0.9532413070598393
2077,0.953038991874254
2078,0.9528299641747945
2079,0.9526249376245525
2080,0.9524196494313254
2081,0.9522165408981569
2082,0.9520187715467049
2083,0.9518232265951425
2084,0.9516279582270714
2085,0.9514348913131239
2086,0.9512412024134428
2087,0.9510468757898578
2088,0.9508520221654028
2089,0.950653014311263
2090,0.9504503087554879
2091,0.950248080414453
2092,0.9500462006397569
2093,0.9498445961573737
2094,0.9496391882805268
2095,0.9494292529134315
2096,0.9492197264843678
2097,0.9490105332976405
2098,0.9488011866830284
2099,0.9485927692672911
2100,0.9483930830380016
2101,0.948197640196928
2102,0.9480064090291518
2103,0.9478204024732318
2104,0.9476371953225694
2105,0.947457427471693
2106,0.9472808811115228
2107,0.9471032076691265
2108,0.9469205954440504
2109,0.9467380521942407
2110,0.9465493175596961
2111,0.9463604181350455
2112,0.9461773532537127
2113,0.9460017397696128
2114,0.9458353527731691
2115,0.9456819875182003
2116,0.9455381972793935
2117,0.9454059126404298
2118,0.9452806016187094
2119,0.945163117751279
2120,0.9450526904345194
2121,0.9449460418485115
2122,0.9448487968872934
2123,0.9447617619858277
2124,0.944683003252936
2125,0.9446187603221763
2126,0.9445631925092692
2127,0.9445133271477155
2128,0.9444732906977192
2129,0.9444434755934921
2130,0.9444233475011393
2131,0.9444131289666227
2132,0.9444095895985776
2133,0.944409149376643
2134,0.9444146554954899
2135,0.9444299640220105
2136,0.9444570978565222
2137,0.9444912379612252
2138,0.9445360181154717
2139,0.944591556536208
2140,0.9446510190386977
2141,0.9447260069722055
2142,0.944822603312876
2143,0.9449318272739704
2144,0.9450559153540918
2145,0.9451952922695829
2146,0.9453482036191757
2147,0.9455132439402727
2148,0.9456969776586046
2149,0.9458913533196276
2150,0.9460908443207219
2151,0.9463001890411965
2152,0.9465164179403822
2153,0.9467436637573354
2154,0.9469847885003846
2155,0.9472383830789406
2156,0.9475029916666527
2157,0.9477738756529062
2158,0.9480475105013925
2159,0.948323359885227
2160,0.948603988067211
2161,0.9488884816877493
2162,0.9491801760422448
2163,0.949487758629378
2164,0.9498138680762802
2165,0.9501550043535536
2166,0.9505073156906162
2167,0.9508631971366451
2168,0.9512174077181358
2169,0.9515676391258606
2170,0.9519110470930253
2171,0.952248383052228
2172,0.9525888141470648
2173,0.9529301008280486
2174,0.953270439560579
2175,0.9536121270711416
2176,0.9539490806214094
2177,0.9542780206468426
2178,0.9546043709039825
2179,0.9549298080883925
2180,0.9552485770399738
2181,0.9555688639378425
2182,0.9558892196027526
2183,0.956210519600495
2184,0.9565292648549435
2185,0.9568391981006701
2186,0.9571452848386102
2187,0.9574364108415122
2188,0.9577250921570101
2189,0.9580116724226067
2190,0.9582890346368207
2191,0.9585592997795919
2192,0.9588246535779718
2193,0.9591025361858877
2194,0.9593860978589045
2195,0.9596545538317335
2196,0.9599170687277664
2197,0.9601714131619307
2198,0.960415853858988
2199,0.9606580212008368
2200,0.9609039640053885
2201,0.9611435039924261
2202,0.9613667431043078
2203,0.9615736382905884
2204,0.96175638345923
2205,0.9619276916909345
2206,0.9620882914579727
2207,0.9622470543627366
2208,0.9624177049881683
2209,0.9625841939734362
2210,0.9627441786378856
2211,0.9628975145621683
2212,0.9630306210409576
2213,0.9631487031835049
2214,0.9632548080382691
2215,0.9633541406576693
2216,0.9634550681458918
2217,0.963550689492575
2218,0.9636473540714675
2219,0.9637423048068773
2220,0.9638154358156794
2221,0.963862550132549
2222,0.9638929682226333
2223,0.9638932866174417
2224,0.9638800703207252
2225,0.9638829032975118
2226,0.963901466408656
2227,0.9639223900279535
2228,0.9639404850296964
2229,0.9639607634172495
2230,0.9639728463088822
2231,0.9639825691002842
2232,0.9640075730413227
2233,0.9640280797735704
2234,0.9640332223105952
2235,0.9640438279617346
2236,0.9640451793683371
2237,0.9640328073155393
2238,0.9640103051211837
2239,0.9639854720316624
2240,0.9639413155825213
2241,0.9638664971512524
2242,0.9637910217983852
2243,0.9637120757808747
2244,0.9636362989877841
2245,0.9635852984606965
2246,0.963536305481128
2247,0.9634720567233412
2248,0.9634124516696736
2249,0.9633717122405481
2250,0.9633270712151
2251,0.9632710827758607
2252,0.963205385093986
2253,0.9631314582761717
2254,0.963033789057332
2255,0.962941067919915
2256,0.9628514273780169
2257,0.9627569320723134
2258,0.9626743325535425
2259,0.9625726653704738
2260,0.9624577958782983
2261,0.9623318581460808
2262,0.9621952897556362
2263,0.9620564355414797
2264,0.9619133164963468
2265,0.9617802111784646
2266,0.9616462861285541
2267,0.9615185081344505
2268,0.9614018445512459
2269,0.9612659881373108
2270,0.9611263598779552
2271,0.960972343268326
2272,0.9607819533654339
2273,0.9605806716061702
2274,0.9603651271137496
2275,0.960114937574472
2276,0.9598518141066623
2277,0.9595770110737474
2278,0.959293205524845
2279,0.9590277719754848
2280,0.9587703997486117
2281,0.9585296311632472
2282,0.9582946354466824
2283,0.9580594043944073
2284,0.9578501063858177
2285,0.9576379741234898
2286,0.9574160313949628
2287,0.9571642674650587
2288,0.9568753078095712
2289,0.9565798267836773
2290,0.9562752965281992
2291,0.9559878757084209
2292,0.9557318985132575
2293,0.9554788793007879
2294,0.9552527089962963
2295,0.9550612593829068
2296,0.9548791007567972
2297,0.9547192044703123
2298,0.9545659626382029
2299,0.9543895459654328
2300,0.9541747855348123
2301,0.9539367666370888
2302,0.9536803977510602
2303,0.9534203374802663
2304,0.9531793658542003
2305,0.9529538183137662
2306,0.9527569352441639
2307,0.9525675705793838
2308,0.9523888617651926
2309,0.9522107565140863
2310,0.9520213496839413
2311,0.9518357926744171
2312,0.9516477995078847
2313,0.9514570825007868
2314,0.9512523705001713
2315,0.9510425093246866
2316,0.9508570318598385
2317,0.9506897222350231
2318,0.9505430248471516
2319,0.950400304683505
2320,0.9502431595152071
2321,0.9500731401011366
2322,0.9499199185337412
2323,0.9497539935326871
2324,0.9495536401566288
2325,0.9493570097553713
2326,0.9491286796367314
2327,0.9489139206691813
2328,0.9487651498317938
2329,0.9486255402092293
2330,0.948494521029541
2331,0.9483946286821769
2332,0.9483226727857533
2333,0.9482634412381166
2334,0.9482283651040849
2335,0.9481792640459454
2336,0.9480655174826852
2337,0.94793753572319
2338,0.9478166357158565
2339,0.9476812926941189
2340,0.9475579709922651
2341,0.9474489612732677
2342,0.9473303211113709
2343,0.9471951951591108
2344,0.9470314196376483
2345,0.9468638141168662
2346,0.9466729469776579
2347,0.946490330206018
2348,0.9463903316612983
2349,0.946330873119701
2350,0.9462948830964899
2351,0.9462668039274499
2352,0.9462364379208595
2353,0.9461623415273941
2354,0.9460260894986926
2355,0.9458894542979135
2356,0.9457368458766016
2357,0.9455797276806909
2358,0.9454649758471345
2359,0.945337765331242
2360,0.945133745588993
2361,0.9449528364045812
2362,0.9448118134560033
2363,0.9447064499599073
2364,0.944643906351527
2365,0.9445966407585654
2366,0.9445434902634059
2367,0.9444843859376663
2368,0.9444072663428136
2369,0.9442909513059585
2370,0.9440927793521263
2371,0.9438670868620704
2372,0.9436658191179546
2373,0.9434604362117209
2374,0.9433012373935777
2375,0.9431756715235936
2376,0.9430371068299407
2377,0.9428940130033404
2378,0.9427011425114113
2379,0.9424864108356293
2380,0.9423168768189025
2381,0.9421809703332777
2382,0.9420621947969848
2383,0.9419596598793467
2384,0.9418707178400623
2385,0.9417560430414607
2386,0.9416469689452922
2387,0.9416061903635546
2388,0.9415934412829131
2389,0.9416250784618142
2390,0.9416894868576626
2391,0.9416824853026252
2392,0.9416279120063844
2393,0.9414708526505674
2394,0.9412422744842239
2395,0.9410916606362196
2396,0.9409487525503507
2397,0.9408312427423482
2398,0.9408156127890007
2399,0.9408403780920218
2400,0.9408781683881771
2401,0.9409999558228905
2402,0.9412016250452757
2403,0.941435672859508
2404,0.9416629487984156
2405,0.9417955652721816
2406,0.9418669754883024
2407,0.9419059576314175
2408,0.9419575705047186
2409,0.9421520375589386
2410,0.9423387426915528
2411,0.9424512622052755
2412,0.9424965878400586
2413,0.9423596810450122
2414,0.942195768871018
2415,0.9420816650510887
2416,0.9418968063957307
2417,0.9416788478590363
2418,0.941487316389504
2419,0.9413510458295671
2420,0.9412507610658547
2421,0.9412603356915503
2422,0.9412789276257131
2423,0.941147940104341
2424,0.9410074447780328
2425,0.9409663463101643
2426,0.9408495593575287
2427,0.9407299651230946
2428,0.9406769193916855
2429,0.9406262998159107
2430,0.9405432292049819
2431,0.940497896253888
2432,0.9406102499782858
2433,0.9408066048175128
2434,0.9411058327612537
2435,0.9415807530132838
2436,0.9418898277939515
2437,0.9419865903632375
2438,0.9421015723997743
2439,0.9420860582423267
2440,0.9420211849180106
2441,0.9420735238818492
2442,0.9421270310998425
2443,0.9421817065723639
2444,0.9422375502994131
2445,0.9422945622809904
2446,0.9423527425170956
2447,0.9424120910077287
2448,0.9424726077528899
2449,0.9425342927525789
2450,0.942597146006796
2451,0.942661167515541
2452,0.942726357278814
2453,0.9427927152966149
2454,0.9428602415689439
2455,0.9429289360958006
2456,0.9429987988771855
2457,0.9430698299130983
2458,0.9431420292035391
2459,0.9432153967485077
2460,0.9432899325480044
2461,0.9433656366020291
2462,0.9434425089105817
2463,0.9435205494736623
2464,0.9435997582912707
2465,0.9436801353634073
2466,0.9437616806900717
2467,0.9438443942712642
2468,0.9439282761069845
2469,0.9440133261972329
2470,0.9440995445420092
2471,0.9441869311413135
2472,0.9442754859951457
2473,0.9443652091035059
2474,0.944456100466394
2475,0.9445481600838102
2476,0.9446413879557543
2477,0.9447357840822262
2478,0.9448313484632263
2479,0.9449280810987543
2480,0.9450259819888102
2481,0.9451250511333941
2482,0.9452252885325059
2483,0.9453266941861457
2484,0.9454292680943135
2485,0.9455330102570092
2486,0.9456379206742329
2487,0.9457439993459846
2488,0.9458512462722642
2489,0.9459596614530718
2490,0.9460692448884074
2491,0.9461799965782709
2492,0.9462919165226623
2493,0.9464050047215817
2494,0.9465192611750292
2495,0.9466346858830046
2496,0.9467512788455079
2497,0.9468690400625391
2498,0.9469879695340985
2499,0.9471080672601856
2500,0.9472293332408008
